query_id,bm25_ndcg10,dense_ndcg10,delta_ndcg10,bm25_recall100,dense_recall100
0,0.0,0.43067655807339306,0.43067655807339306,0.0,1.0
2,1.0,0.6309297535714575,-0.36907024642854247,1.0,1.0
4,0.3010299956639812,0.0,-0.3010299956639812,1.0,1.0
6,0.6309297535714575,0.43067655807339306,-0.20025319549806447,1.0,1.0
9,1.0,1.0,0.0,1.0,1.0
10,0.31546487678572877,0.0,-0.31546487678572877,1.0,1.0
11,0.31546487678572877,0.0,-0.31546487678572877,1.0,1.0
12,0.6309297535714575,1.0,0.36907024642854247,1.0,1.0
14,0.43067655807339306,0.0,-0.43067655807339306,1.0,0.0
15,0.0,0.0,0.0,1.0,0.0
17,0.0,0.0,0.0,0.0,1.0
18,0.0,0.0,0.0,1.0,1.0
19,0.31546487678572877,1.0,0.6845351232142712,1.0,1.0
20,0.3010299956639812,1.0,0.6989700043360187,1.0,1.0
21,0.43067655807339306,1.0,0.5693234419266069,1.0,1.0
22,1.0,1.0,0.0,1.0,1.0
24,0.6309297535714575,0.6309297535714575,0.0,1.0,1.0
25,1.0,0.5,-0.5,1.0,1.0
26,0.0,0.31546487678572877,0.31546487678572877,0.0,1.0
27,0.0,0.3010299956639812,0.3010299956639812,0.0,1.0
28,1.0,1.0,0.0,1.0,1.0
30,0.6309297535714575,1.0,0.36907024642854247,1.0,1.0
32,1.0,1.0,0.0,1.0,1.0
34,1.0,1.0,0.0,1.0,1.0
35,0.23719771276929622,0.5802792108518124,0.3430814980825162,1.0,1.0
37,0.23719771276929622,0.430624116386567,0.1934264036172708,1.0,1.0
39,1.0,1.0,0.0,1.0,1.0
40,1.0,1.0,0.0,1.0,1.0
41,1.0,1.0,0.0,1.0,1.0
43,0.5,1.0,0.5,1.0,1.0
44,1.0,1.0,0.0,1.0,1.0
45,1.0,1.0,0.0,1.0,1.0
46,1.0,1.0,0.0,1.0,1.0
47,1.0,1.0,0.0,1.0,1.0
52,1.0,1.0,0.0,1.0,1.0
55,0.3562071871080222,1.0,0.6437928128919779,1.0,1.0
58,1.0,1.0,0.0,1.0,1.0
60,0.45749452618986164,0.48247555939075504,0.0249810332008934,1.0,1.0
61,0.38685280723454163,0.3065735963827292,-0.08027921085181244,1.0,1.0
62,0.38685280723454163,0.0,-0.38685280723454163,1.0,1.0
63,0.0,0.0,0.0,1.0,0.0
64,0.0,0.0,0.0,1.0,0.0
66,0.0,0.0,0.0,0.0,1.0
67,1.0,1.0,0.0,1.0,1.0
68,1.0,1.0,0.0,1.0,1.0
69,1.0,0.0,-1.0,1.0,1.0
71,1.0,1.0,0.0,1.0,1.0
73,0.6309297535714575,1.0,0.36907024642854247,1.0,1.0
74,0.3010299956639812,1.0,0.6989700043360187,1.0,1.0
76,1.0,1.0,0.0,1.0,1.0
77,1.0,1.0,0.0,1.0,1.0
78,1.0,1.0,0.0,1.0,1.0
79,0.6309297535714575,0.38685280723454163,-0.2440769463369159,1.0,1.0
80,0.43067655807339306,0.31546487678572877,-0.11521168128766429,1.0,1.0
81,0.0,0.2890648263178879,0.2890648263178879,1.0,1.0
82,1.0,1.0,0.0,1.0,1.0
85,0.9197207891481876,0.8503449055347546,-0.06937588361343294,1.0,1.0
86,0.9197207891481876,0.8503449055347546,-0.06937588361343294,1.0,1.0
88,0.38685280723454163,0.6240505200038379,0.23719771276929624,1.0,1.0
89,0.23719771276929622,0.6509209298071326,0.4137232170378363,1.0,1.0
90,0.38685280723454163,0.6309297535714575,0.2440769463369159,1.0,1.0
91,0.0,0.0,0.0,0.0,1.0
92,0.0,0.0,0.0,0.0,1.0
93,0.3010299956639812,0.2890648263178879,-0.011965169346093318,1.0,1.0
95,0.0,0.3333333333333333,0.3333333333333333,0.0,1.0
96,1.0,1.0,0.0,1.0,1.0
98,1.0,1.0,0.0,1.0,1.0
104,0.5,1.0,0.5,1.0,1.0
105,1.0,1.0,0.0,1.0,1.0
106,1.0,1.0,0.0,1.0,1.0
108,0.9674679834891693,0.9060254355346823,-0.061442547954487,1.0,1.0
109,0.6309297535714575,1.0,0.36907024642854247,1.0,1.0
111,1.0,1.0,0.0,1.0,1.0
112,1.0,1.0,0.0,1.0,1.0
114,1.0,1.0,0.0,1.0,1.0
116,1.0,1.0,0.0,1.0,1.0
119,1.0,1.0,0.0,1.0,1.0
120,1.0,1.0,0.0,1.0,1.0
121,0.38685280723454163,0.43067655807339306,0.04382375083885143,1.0,1.0
122,0.38685280723454163,0.3333333333333333,-0.053519473901208314,1.0,1.0
123,1.0,1.0,0.0,1.0,1.0
126,0.6309297535714575,1.0,0.36907024642854247,1.0,1.0
134,0.0,0.0,0.0,1.0,1.0
138,1.0,1.0,0.0,1.0,1.0
139,0.0,0.0,0.0,0.0,0.0
144,1.0,1.0,0.0,1.0,1.0
149,1.0,0.6309297535714575,-0.36907024642854247,1.0,1.0
152,1.0,1.0,0.0,1.0,1.0
153,1.0,1.0,0.0,1.0,1.0
154,1.0,1.0,0.0,1.0,1.0
155,1.0,1.0,0.0,1.0,1.0
156,1.0,1.0,0.0,1.0,1.0
157,1.0,0.43067655807339306,-0.5693234419266069,1.0,1.0
159,1.0,1.0,0.0,1.0,1.0
160,1.0,1.0,0.0,1.0,1.0
161,1.0,0.6309297535714575,-0.36907024642854247,1.0,1.0
164,1.0,0.6309297535714575,-0.36907024642854247,1.0,1.0
165,1.0,0.5,-0.5,1.0,1.0
166,1.0,1.0,0.0,1.0,1.0
167,1.0,1.0,0.0,1.0,1.0
168,0.6309297535714575,1.0,0.36907024642854247,1.0,1.0
169,0.6309297535714575,0.6309297535714575,0.0,1.0,1.0
172,1.0,1.0,0.0,1.0,1.0
173,0.0,0.0,0.0,0.0,0.0
174,0.43067655807339306,1.0,0.5693234419266069,1.0,1.0
175,0.38685280723454163,1.0,0.6131471927654584,1.0,1.0
176,0.38685280723454163,0.0,-0.38685280723454163,1.0,1.0
177,1.0,1.0,0.0,1.0,1.0
178,0.5646436081071458,1.0,0.43535639189285424,1.0,1.0
181,1.0,1.0,0.0,1.0,1.0
182,0.0,0.0,0.0,1.0,1.0
184,0.3562071871080222,1.0,0.6437928128919779,1.0,1.0
186,0.43067655807339306,1.0,0.5693234419266069,1.0,1.0
187,0.43067655807339306,1.0,0.5693234419266069,1.0,1.0
189,0.43067655807339306,1.0,0.5693234419266069,1.0,1.0
196,1.0,1.0,0.0,1.0,1.0
197,1.0,0.3333333333333333,-0.6666666666666667,1.0,1.0
199,1.0,0.0,-1.0,1.0,0.0
200,1.0,0.31546487678572877,-0.6845351232142712,1.0,1.0
201,1.0,0.6309297535714575,-0.36907024642854247,1.0,1.0
203,1.0,1.0,0.0,1.0,1.0
204,0.6309297535714575,0.6309297535714575,0.0,1.0,1.0
205,1.0,1.0,0.0,1.0,1.0
209,0.38685280723454163,0.0,-0.38685280723454163,1.0,1.0
210,1.0,1.0,0.0,1.0,1.0
211,0.0,0.0,0.0,1.0,0.0
214,0.3562071871080222,0.3562071871080222,0.0,1.0,1.0
220,1.0,1.0,0.0,1.0,1.0
221,1.0,1.0,0.0,1.0,1.0
222,1.0,1.0,0.0,1.0,1.0
223,1.0,0.43067655807339306,-0.5693234419266069,1.0,1.0
224,0.0,0.0,0.0,1.0,1.0
225,0.0,0.0,0.0,0.0,1.0
226,0.0,0.0,0.0,0.0,1.0
227,1.0,1.0,0.0,1.0,1.0
228,1.0,1.0,0.0,1.0,1.0
229,1.0,1.0,0.0,1.0,1.0
235,1.0,1.0,0.0,1.0,1.0
241,0.0,0.6131471927654584,0.6131471927654584,0.5,1.0
242,0.0,0.6131471927654584,0.6131471927654584,0.5,1.0
243,1.0,1.0,0.0,1.0,1.0
244,1.0,1.0,0.0,1.0,1.0
245,0.6131471927654584,0.38685280723454163,-0.22629438553091674,1.0,1.0
246,0.6131471927654584,0.38685280723454163,-0.22629438553091674,1.0,1.0
247,0.6309297535714575,1.0,0.36907024642854247,1.0,1.0
250,1.0,0.6309297535714575,-0.36907024642854247,1.0,1.0
251,1.0,0.6309297535714575,-0.36907024642854247,1.0,1.0
253,0.5,0.5,0.0,1.0,1.0
254,0.5,0.5,0.0,1.0,1.0
255,1.0,0.6309297535714575,-0.36907024642854247,1.0,1.0
256,1.0,0.6309297535714575,-0.36907024642854247,1.0,1.0
258,0.38685280723454163,0.0,-0.38685280723454163,1.0,1.0
259,0.0,0.0,0.0,1.0,1.0
262,0.0,0.0,0.0,1.0,1.0
263,0.9674679834891693,0.38364913903790027,-0.5838188444512691,1.0,1.0
264,1.0,1.0,0.0,1.0,1.0
265,1.0,1.0,0.0,1.0,1.0
266,1.0,1.0,0.0,1.0,1.0
267,0.7903864795495061,0.8315546295836225,0.041168150034116335,1.0,1.0
272,1.0,1.0,0.0,1.0,1.0
277,1.0,1.0,0.0,1.0,1.0
278,1.0,1.0,0.0,1.0,1.0
280,1.0,1.0,0.0,1.0,1.0
281,1.0,0.6309297535714575,-0.36907024642854247,1.0,1.0
283,1.0,1.0,0.0,1.0,1.0
285,0.6309297535714575,0.43067655807339306,-0.20025319549806447,1.0,1.0
286,1.0,1.0,0.0,1.0,1.0
287,1.0,1.0,0.0,1.0,1.0
290,1.0,0.6309297535714575,-0.36907024642854247,1.0,1.0
292,1.0,0.5,-0.5,1.0,1.0
293,0.6309297535714575,0.0,-0.6309297535714575,1.0,1.0
296,1.0,0.6309297535714575,-0.36907024642854247,1.0,1.0
299,1.0,1.0,0.0,1.0,1.0
301,0.5,0.43067655807339306,-0.06932344192660694,1.0,1.0
304,1.0,0.0,-1.0,1.0,1.0
305,1.0,1.0,0.0,1.0,1.0
306,1.0,1.0,0.0,1.0,1.0
308,1.0,1.0,0.0,1.0,1.0
309,1.0,1.0,0.0,1.0,1.0
310,0.3562071871080222,0.0,-0.3562071871080222,1.0,0.0
313,0.31546487678572877,0.0,-0.31546487678572877,1.0,0.0
315,0.0,0.0,0.0,1.0,0.0
316,0.3562071871080222,0.3562071871080222,0.0,1.0,1.0
317,1.0,0.0,-1.0,1.0,1.0
323,0.6309297535714575,0.43067655807339306,-0.20025319549806447,1.0,1.0
325,1.0,0.0,-1.0,1.0,1.0
326,1.0,0.0,-1.0,1.0,1.0
330,1.0,1.0,0.0,1.0,1.0
331,0.0,1.0,1.0,1.0,1.0
332,1.0,1.0,0.0,1.0,1.0
333,1.0,1.0,0.0,1.0,1.0
334,1.0,1.0,0.0,1.0,1.0
335,1.0,1.0,0.0,1.0,1.0
336,0.3010299956639812,0.6309297535714575,0.32989975790747633,1.0,1.0
337,0.31546487678572877,0.6309297535714575,0.31546487678572877,1.0,1.0
339,1.0,0.6309297535714575,-0.36907024642854247,1.0,1.0
340,1.0,1.0,0.0,1.0,1.0
341,1.0,1.0,0.0,1.0,1.0
342,0.6240505200038379,0.8175295903539445,0.19347907035010659,1.0,1.0
345,1.0,0.43067655807339306,-0.5693234419266069,1.0,1.0
346,1.0,0.3333333333333333,-0.6666666666666667,1.0,1.0
347,1.0,0.3010299956639812,-0.6989700043360187,1.0,1.0
349,1.0,1.0,0.0,1.0,1.0
351,0.0,0.0,0.0,0.0,0.0
352,0.3010299956639812,0.0,-0.3010299956639812,1.0,0.0
355,0.5437713091520254,0.8772153153380493,0.3334440061860239,1.0,1.0
356,1.0,0.6309297535714575,-0.36907024642854247,1.0,1.0
357,0.43067655807339306,1.0,0.5693234419266069,1.0,1.0
358,0.43067655807339306,1.0,0.5693234419266069,1.0,1.0
361,1.0,1.0,0.0,1.0,1.0
363,0.31546487678572877,0.0,-0.31546487678572877,1.0,1.0
364,0.38685280723454163,0.0,-0.38685280723454163,1.0,1.0
365,1.0,1.0,0.0,1.0,1.0
366,1.0,1.0,0.0,1.0,1.0
367,1.0,0.6309297535714575,-0.36907024642854247,1.0,1.0
368,1.0,0.6309297535714575,-0.36907024642854247,1.0,1.0
369,1.0,1.0,0.0,1.0,1.0
370,1.0,1.0,0.0,1.0,1.0
371,1.0,1.0,0.0,1.0,1.0
372,1.0,1.0,0.0,1.0,1.0
375,1.0,1.0,0.0,1.0,1.0
376,0.3333333333333333,1.0,0.6666666666666667,1.0,1.0
377,1.0,0.5,-0.5,1.0,1.0
378,0.5531464700081437,0.42159648284864404,-0.13154998715949962,0.8,1.0
379,1.0,1.0,0.0,1.0,1.0
381,0.6309297535714575,1.0,0.36907024642854247,1.0,1.0
382,0.0,0.0,0.0,1.0,1.0
383,0.0,0.0,0.0,1.0,1.0
389,0.5,1.0,0.5,1.0,1.0
390,0.5,1.0,0.5,1.0,1.0
391,0.5,0.6309297535714575,0.13092975357145753,1.0,1.0
392,0.5,1.0,0.5,1.0,1.0
393,0.5,0.6309297535714575,0.13092975357145753,1.0,1.0
394,0.6309297535714575,0.43067655807339306,-0.20025319549806447,1.0,1.0
396,1.0,0.6309297535714575,-0.36907024642854247,1.0,1.0
397,1.0,0.6309297535714575,-0.36907024642854247,1.0,1.0
398,0.0,0.0,0.0,1.0,1.0
400,1.0,1.0,0.0,1.0,1.0
401,1.0,0.38685280723454163,-0.6131471927654584,1.0,1.0
403,0.0,0.0,0.0,1.0,0.0
404,0.0,0.0,0.0,0.0,0.0
406,0.0,0.0,0.0,0.0,1.0
407,1.0,0.2890648263178879,-0.7109351736821121,1.0,1.0
413,0.38685280723454163,0.0,-0.38685280723454163,1.0,1.0
414,0.0,0.0,0.0,1.0,1.0
416,1.0,0.0,-1.0,1.0,1.0
417,1.0,0.0,-1.0,1.0,1.0
418,0.0,0.0,0.0,0.0,1.0
420,1.0,1.0,0.0,1.0,1.0
422,0.0,0.0,0.0,0.0,0.0
423,0.43067655807339306,0.0,-0.43067655807339306,1.0,1.0
425,1.0,1.0,0.0,1.0,1.0
426,0.43067655807339306,0.6309297535714575,0.20025319549806447,1.0,1.0
428,0.38685280723454163,0.3562071871080222,-0.030645620126519446,1.0,1.0
429,1.0,0.6309297535714575,-0.36907024642854247,1.0,1.0
430,0.0,0.0,0.0,0.0,1.0
432,1.0,1.0,0.0,1.0,1.0
434,0.0,0.6309297535714575,0.6309297535714575,1.0,1.0
435,0.0,0.6309297535714575,0.6309297535714575,1.0,1.0
441,1.0,1.0,0.0,1.0,1.0
444,1.0,1.0,0.0,1.0,1.0
445,0.0,1.0,1.0,1.0,1.0
447,0.6309297535714575,1.0,0.36907024642854247,1.0,1.0
448,0.6309297535714575,1.0,0.36907024642854247,1.0,1.0
449,0.21840743681816419,0.0,-0.21840743681816419,1.0,1.0
453,1.0,1.0,0.0,1.0,1.0
454,1.0,1.0,0.0,1.0,1.0
455,0.2890648263178879,0.0,-0.2890648263178879,1.0,1.0
456,0.6309297535714575,0.0,-0.6309297535714575,1.0,1.0
458,1.0,1.0,0.0,1.0,1.0
461,1.0,0.6309297535714575,-0.36907024642854247,1.0,1.0
463,0.0,0.6309297535714575,0.6309297535714575,1.0,1.0
466,1.0,0.6309297535714575,-0.36907024642854247,1.0,1.0
469,0.5,0.6309297535714575,0.13092975357145753,1.0,1.0
470,1.0,0.6309297535714575,-0.36907024642854247,1.0,1.0
472,0.6653497124326151,0.9060254355346823,0.2406757231020672,1.0,1.0
473,0.0,0.0,0.0,0.0,0.0
474,0.0,0.0,0.0,0.0,0.0
479,1.0,1.0,0.0,1.0,1.0
480,1.0,1.0,0.0,1.0,1.0
481,0.6309297535714575,0.3562071871080222,-0.27472256646343535,1.0,1.0
482,1.0,1.0,0.0,1.0,1.0
483,0.6309297535714575,0.5,-0.13092975357145753,1.0,1.0
484,0.0,0.0,0.0,1.0,1.0
485,1.0,1.0,0.0,1.0,1.0
486,0.0,0.0,0.0,1.0,1.0
487,1.0,1.0,0.0,1.0,1.0
488,1.0,1.0,0.0,1.0,1.0
489,0.3010299956639812,0.0,-0.3010299956639812,1.0,1.0
490,1.0,1.0,0.0,1.0,1.0
492,1.0,0.0,-1.0,1.0,1.0
493,0.0,0.0,0.0,1.0,0.0
494,1.0,0.0,-1.0,1.0,1.0
495,0.38685280723454163,1.0,0.6131471927654584,1.0,1.0
498,0.3562071871080222,1.0,0.6437928128919779,1.0,1.0
499,1.0,1.0,0.0,1.0,1.0
500,1.0,1.0,0.0,1.0,1.0
504,1.0,0.6309297535714575,-0.36907024642854247,1.0,1.0
505,1.0,1.0,0.0,1.0,1.0
506,0.38685280723454163,0.38685280723454163,0.0,1.0,1.0
509,0.0,0.3010299956639812,0.3010299956639812,1.0,1.0
515,1.0,1.0,0.0,1.0,1.0
523,1.0,1.0,0.0,1.0,1.0
524,1.0,1.0,0.0,1.0,1.0
526,0.6309297535714575,0.3010299956639812,-0.32989975790747633,1.0,1.0
529,0.6340499455108034,0.5065745439910657,-0.12747540151973769,1.0,1.0
530,0.4763363265545566,0.41322699210894587,-0.06310933444561073,1.0,1.0
531,0.4367467095119258,0.5430667908374095,0.1063200813254837,1.0,1.0
537,1.0,1.0,0.0,1.0,1.0
541,0.18154179253735267,0.34870224750355494,0.16716045496620227,1.0,1.0
542,1.0,1.0,0.0,1.0,1.0
545,0.31546487678572877,0.0,-0.31546487678572877,1.0,1.0
547,1.0,0.6309297535714575,-0.36907024642854247,1.0,1.0
548,0.0,0.6309297535714575,0.6309297535714575,1.0,1.0
550,0.5,0.6309297535714575,0.13092975357145753,1.0,1.0
553,1.0,1.0,0.0,1.0,1.0
555,0.38685280723454163,0.0,-0.38685280723454163,1.0,1.0
557,1.0,0.6309297535714575,-0.36907024642854247,1.0,1.0
559,0.0,0.0,0.0,0.0,0.0
562,1.0,1.0,0.0,1.0,1.0
563,1.0,1.0,0.0,1.0,1.0
564,1.0,1.0,0.0,1.0,1.0
565,1.0,1.0,0.0,1.0,1.0
566,1.0,1.0,0.0,1.0,1.0
568,1.0,1.0,0.0,1.0,1.0
570,1.0,1.0,0.0,1.0,1.0
571,1.0,1.0,0.0,1.0,1.0
572,0.0,0.0,0.0,0.0,1.0
573,1.0,1.0,0.0,1.0,1.0
574,1.0,1.0,0.0,1.0,1.0
576,1.0,1.0,0.0,1.0,1.0
579,0.6309297535714575,1.0,0.36907024642854247,1.0,1.0
580,1.0,1.0,0.0,1.0,1.0
582,1.0,1.0,0.0,1.0,1.0
584,1.0,1.0,0.0,1.0,1.0
585,0.6309297535714575,1.0,0.36907024642854247,1.0,1.0
588,0.43067655807339306,0.0,-0.43067655807339306,1.0,1.0
590,1.0,1.0,0.0,1.0,1.0
591,1.0,1.0,0.0,1.0,1.0
592,1.0,1.0,0.0,1.0,1.0
594,1.0,1.0,0.0,1.0,1.0
595,1.0,0.6309297535714575,-0.36907024642854247,1.0,1.0
600,1.0,0.6309297535714575,-0.36907024642854247,1.0,1.0
601,1.0,1.0,0.0,1.0,1.0
602,0.0,0.0,0.0,1.0,0.0
603,1.0,1.0,0.0,1.0,1.0
606,0.3562071871080222,0.3562071871080222,0.0,1.0,1.0
607,1.0,0.0,-1.0,1.0,1.0
609,0.0,0.0,0.0,1.0,1.0
610,0.0,0.0,0.0,0.0,1.0
611,1.0,0.5,-0.5,1.0,1.0
612,1.0,1.0,0.0,1.0,1.0
614,1.0,1.0,0.0,1.0,1.0
615,1.0,1.0,0.0,1.0,1.0
616,0.0,0.0,0.0,0.0,0.0
617,0.0,0.0,0.0,0.0,0.0
618,0.0,0.5,0.5,1.0,1.0
620,0.0,0.0,0.0,0.0,1.0
621,1.0,1.0,0.0,1.0,1.0
622,0.0,0.0,0.0,1.0,1.0
624,1.0,1.0,0.0,1.0,1.0
625,1.0,1.0,0.0,1.0,1.0
626,1.0,1.0,0.0,1.0,1.0
631,1.0,1.0,0.0,1.0,1.0
632,1.0,1.0,0.0,1.0,1.0
633,1.0,1.0,0.0,1.0,1.0
635,1.0,0.6309297535714575,-0.36907024642854247,1.0,1.0
638,1.0,0.43067655807339306,-0.5693234419266069,1.0,1.0
640,1.0,0.43067655807339306,-0.5693234419266069,1.0,1.0
642,1.0,0.0,-1.0,1.0,1.0
643,0.5,1.0,0.5,1.0,1.0
645,0.3562071871080222,0.0,-0.3562071871080222,1.0,1.0
646,0.3562071871080222,0.0,-0.3562071871080222,1.0,1.0
647,1.0,0.6309297535714575,-0.36907024642854247,1.0,1.0
648,1.0,0.5,-0.5,1.0,1.0
650,1.0,1.0,0.0,1.0,1.0
651,1.0,0.6309297535714575,-0.36907024642854247,1.0,1.0
652,1.0,0.6309297535714575,-0.36907024642854247,1.0,1.0
653,1.0,0.6309297535714575,-0.36907024642854247,1.0,1.0
654,1.0,1.0,0.0,1.0,1.0
655,1.0,1.0,0.0,1.0,1.0
657,1.0,0.5,-0.5,1.0,1.0
658,1.0,1.0,0.0,1.0,1.0
661,1.0,1.0,0.0,1.0,1.0
662,1.0,1.0,0.0,1.0,1.0
663,1.0,1.0,0.0,1.0,1.0
665,1.0,1.0,0.0,1.0,1.0
666,1.0,1.0,0.0,1.0,1.0
667,1.0,1.0,0.0,1.0,1.0
668,0.6131471927654584,1.0,0.38685280723454163,1.0,1.0
669,0.6131471927654584,0.8503449055347546,0.23719771276929624,1.0,1.0
670,0.6309297535714575,1.0,0.36907024642854247,1.0,1.0
671,0.6309297535714575,1.0,0.36907024642854247,1.0,1.0
672,1.0,1.0,0.0,1.0,1.0
673,1.0,0.38685280723454163,-0.6131471927654584,1.0,1.0
676,0.6309297535714575,1.0,0.36907024642854247,1.0,1.0
677,0.6309297535714575,1.0,0.36907024642854247,1.0,1.0
679,0.0,0.0,0.0,1.0,1.0
680,0.43067655807339306,0.6309297535714575,0.20025319549806447,1.0,1.0
681,1.0,1.0,0.0,1.0,1.0
682,1.0,0.6309297535714575,-0.36907024642854247,1.0,1.0
683,1.0,1.0,0.0,1.0,1.0
685,0.6309297535714575,0.5,-0.13092975357145753,1.0,1.0
686,0.0,0.3562071871080222,0.3562071871080222,1.0,1.0
687,0.6309297535714575,0.43067655807339306,-0.20025319549806447,1.0,1.0
688,0.6309297535714575,0.5,-0.13092975357145753,1.0,1.0
689,0.0,0.0,0.0,0.0,0.0
694,1.0,1.0,0.0,1.0,1.0
696,1.0,0.31546487678572877,-0.6845351232142712,1.0,1.0
698,1.0,0.5,-0.5,1.0,1.0
703,0.5,0.6309297535714575,0.13092975357145753,1.0,1.0
704,0.0,0.0,0.0,0.0,0.0
705,0.6309297535714575,0.6309297535714575,0.0,1.0,1.0
709,1.0,0.6309297535714575,-0.36907024642854247,1.0,1.0
710,0.6309297535714575,0.5,-0.13092975357145753,1.0,1.0
713,0.0,0.0,0.0,1.0,1.0
714,0.0,0.0,0.0,1.0,1.0
717,1.0,1.0,0.0,1.0,1.0
724,1.0,1.0,0.0,1.0,1.0
726,0.6052602440527057,0.6509209298071326,0.04566068575442683,1.0,1.0
730,1.0,1.0,0.0,1.0,1.0
732,1.0,0.5,-0.5,1.0,1.0
733,1.0,0.3562071871080222,-0.6437928128919779,1.0,1.0
734,1.0,0.43067655807339306,-0.5693234419266069,1.0,1.0
736,1.0,1.0,0.0,1.0,1.0
737,0.6934264036172708,0.6131471927654584,-0.08027921085181244,1.0,1.0
738,0.5307212739772434,0.46927872602275644,-0.061442547954487,1.0,1.0
739,0.0,0.0,0.0,1.0,1.0
740,1.0,1.0,0.0,1.0,1.0
745,1.0,1.0,0.0,1.0,1.0
746,1.0,1.0,0.0,1.0,1.0
747,1.0,1.0,0.0,1.0,1.0
748,1.0,1.0,0.0,1.0,1.0
749,0.0,0.0,0.0,1.0,1.0
751,1.0,1.0,0.0,1.0,1.0
752,1.0,1.0,0.0,1.0,1.0
753,0.0,0.0,0.0,1.0,1.0
755,0.0,0.0,0.0,0.0,0.0
757,0.5,1.0,0.5,1.0,1.0
758,0.43067655807339306,0.0,-0.43067655807339306,1.0,1.0
760,1.0,1.0,0.0,1.0,1.0
761,0.0,0.0,0.0,1.0,1.0
762,0.0,0.0,0.0,1.0,1.0
764,0.0,1.0,1.0,1.0,1.0
765,0.3010299956639812,1.0,0.6989700043360187,1.0,1.0
766,0.3010299956639812,1.0,0.6989700043360187,1.0,1.0
767,1.0,1.0,0.0,1.0,1.0
771,1.0,1.0,0.0,1.0,1.0
772,1.0,1.0,0.0,1.0,1.0
774,0.0,0.0,0.0,1.0,1.0
776,0.0,0.0,0.0,1.0,1.0
777,0.0,0.0,0.0,1.0,1.0
778,1.0,1.0,0.0,1.0,1.0
779,1.0,1.0,0.0,1.0,1.0
780,1.0,1.0,0.0,1.0,1.0
782,0.43067655807339306,0.5,0.06932344192660694,1.0,1.0
787,1.0,1.0,0.0,1.0,1.0
788,1.0,1.0,0.0,1.0,1.0
789,1.0,1.0,0.0,1.0,1.0
790,0.43067655807339306,1.0,0.5693234419266069,1.0,1.0
791,0.5,0.6309297535714575,0.13092975357145753,1.0,1.0
792,1.0,1.0,0.0,1.0,1.0
795,0.5,1.0,0.5,1.0,1.0
797,0.38685280723454163,1.0,0.6131471927654584,1.0,1.0
798,0.43067655807339306,0.6309297535714575,0.20025319549806447,1.0,1.0
799,1.0,1.0,0.0,1.0,1.0
801,1.0,1.0,0.0,1.0,1.0
802,1.0,1.0,0.0,1.0,1.0
803,1.0,1.0,0.0,1.0,1.0
804,1.0,0.6309297535714575,-0.36907024642854247,1.0,1.0
807,1.0,1.0,0.0,1.0,1.0
810,0.0,0.6309297535714575,0.6309297535714575,1.0,1.0
812,1.0,1.0,0.0,1.0,1.0
813,1.0,1.0,0.0,1.0,1.0
815,1.0,0.6309297535714575,-0.36907024642854247,1.0,1.0
816,1.0,0.5,-0.5,1.0,1.0
817,0.43067655807339306,0.5,0.06932344192660694,1.0,1.0
818,0.38685280723454163,0.0,-0.38685280723454163,1.0,1.0
822,1.0,0.6309297535714575,-0.36907024642854247,1.0,1.0
825,1.0,0.6309297535714575,-0.36907024642854247,1.0,1.0
826,0.5,0.38685280723454163,-0.11314719276545837,1.0,1.0
828,0.0,0.0,0.0,0.0,0.0
835,1.0,0.6309297535714575,-0.36907024642854247,1.0,1.0
838,0.38685280723454163,0.0,-0.38685280723454163,1.0,0.0
840,0.5,1.0,0.5,1.0,1.0
841,0.43067655807339306,0.43067655807339306,0.0,1.0,1.0
844,1.0,1.0,0.0,1.0,1.0
846,1.0,0.6309297535714575,-0.36907024642854247,1.0,1.0
848,1.0,1.0,0.0,1.0,1.0
853,1.0,1.0,0.0,1.0,1.0
854,1.0,1.0,0.0,1.0,1.0
855,1.0,1.0,0.0,1.0,1.0
856,0.0,0.0,0.0,1.0,1.0
857,0.0,0.0,0.0,1.0,1.0
858,0.43067655807339306,0.5,0.06932344192660694,1.0,1.0
860,1.0,1.0,0.0,1.0,1.0
861,1.0,1.0,0.0,1.0,1.0
863,1.0,0.5249810332008933,-0.4750189667991067,1.0,1.0
866,0.43067655807339306,0.6309297535714575,0.20025319549806447,1.0,1.0
867,1.0,1.0,0.0,1.0,1.0
871,0.0,0.0,0.0,0.0,1.0
876,0.0,0.0,0.0,0.0,1.0
877,0.6309297535714575,1.0,0.36907024642854247,1.0,1.0
881,1.0,1.0,0.0,1.0,1.0
883,1.0,1.0,0.0,1.0,1.0
884,1.0,1.0,0.0,1.0,1.0
885,1.0,1.0,0.0,1.0,1.0
886,1.0,1.0,0.0,1.0,1.0
890,0.0,0.43067655807339306,0.43067655807339306,1.0,1.0
891,0.0,0.43067655807339306,0.43067655807339306,1.0,1.0
893,1.0,1.0,0.0,1.0,1.0
894,0.0,0.0,0.0,1.0,1.0
895,0.5,0.0,-0.5,1.0,0.0
896,1.0,1.0,0.0,1.0,1.0
897,1.0,1.0,0.0,1.0,1.0
898,0.6131471927654584,0.7977228895450266,0.1845756967795682,1.0,1.0
899,0.6131471927654584,0.8315546295836225,0.2184074368181641,1.0,1.0
900,0.0,0.0,0.0,0.0,1.0
901,1.0,1.0,0.0,1.0,1.0
902,1.0,1.0,0.0,1.0,1.0
908,1.0,1.0,0.0,1.0,1.0
909,1.0,1.0,0.0,1.0,1.0
910,1.0,1.0,0.0,1.0,1.0
912,1.0,1.0,0.0,1.0,1.0
916,0.38685280723454163,0.0,-0.38685280723454163,1.0,0.0
917,1.0,1.0,0.0,1.0,1.0
919,1.0,1.0,0.0,1.0,1.0
923,1.0,1.0,0.0,1.0,1.0
925,1.0,1.0,0.0,1.0,1.0
926,1.0,1.0,0.0,1.0,1.0
927,1.0,1.0,0.0,1.0,1.0
928,1.0,0.6309297535714575,-0.36907024642854247,1.0,1.0
929,1.0,0.5,-0.5,1.0,1.0
930,1.0,0.6309297535714575,-0.36907024642854247,1.0,1.0
933,1.0,1.0,0.0,1.0,1.0
934,1.0,0.38685280723454163,-0.6131471927654584,1.0,1.0
935,1.0,0.0,-1.0,1.0,1.0
938,0.0,0.38685280723454163,0.38685280723454163,1.0,1.0
939,0.0,0.31546487678572877,0.31546487678572877,1.0,1.0
940,1.0,1.0,0.0,1.0,1.0
941,1.0,1.0,0.0,1.0,1.0
942,0.6309297535714575,0.3562071871080222,-0.27472256646343535,1.0,1.0
944,1.0,1.0,0.0,1.0,1.0
945,0.2691828628414762,0.6505998846696008,0.38141702182812465,0.75,1.0
946,0.2691828628414762,0.6665048698100114,0.39732200696853526,0.75,1.0
949,0.0,0.0,0.0,0.0,0.0
951,1.0,0.5,-0.5,1.0,1.0
952,1.0,1.0,0.0,1.0,1.0
953,1.0,1.0,0.0,1.0,1.0
954,1.0,1.0,0.0,1.0,1.0
955,0.0,0.8315546295836225,0.8315546295836225,0.5,1.0
959,1.0,1.0,0.0,1.0,1.0
962,0.9469024295259745,0.9469024295259745,0.0,1.0,1.0
963,0.5249810332008933,0.8315546295836225,0.3065735963827292,1.0,1.0
964,0.5249810332008933,0.8315546295836225,0.3065735963827292,1.0,1.0
965,0.5,1.0,0.5,1.0,1.0
969,0.23719771276929622,0.6240505200038379,0.38685280723454163,1.0,1.0
970,0.23719771276929622,0.6240505200038379,0.38685280723454163,1.0,1.0
972,0.6665048698100114,0.7045057227504283,0.038000852940416885,1.0,1.0
973,0.8756458727267334,0.7606395682357036,-0.11500630449102989,1.0,1.0
976,0.0,0.0,0.0,0.0,0.0
977,0.0,0.0,0.0,0.5,0.0
978,0.0,0.0,0.0,0.0,0.0
979,1.0,1.0,0.0,1.0,1.0
980,1.0,1.0,0.0,1.0,1.0
984,1.0,1.0,0.0,1.0,1.0
988,0.2890648263178879,0.0,-0.2890648263178879,1.0,1.0
989,1.0,0.31546487678572877,-0.6845351232142712,1.0,1.0
990,1.0,1.0,0.0,1.0,1.0
992,1.0,1.0,0.0,1.0,1.0
994,0.6309297535714575,1.0,0.36907024642854247,1.0,1.0
996,1.0,0.31546487678572877,-0.6845351232142712,1.0,1.0
997,0.43067655807339306,1.0,0.5693234419266069,1.0,1.0
998,0.3562071871080222,1.0,0.6437928128919779,1.0,1.0
999,0.6309297535714575,1.0,0.36907024642854247,1.0,1.0
1000,1.0,0.6309297535714575,-0.36907024642854247,1.0,1.0
1001,1.0,0.6309297535714575,-0.36907024642854247,1.0,1.0
1002,0.0,0.0,0.0,0.0,1.0
1003,0.9060254355346823,0.2960819109658652,-0.6099435245688171,1.0,1.0
1004,0.9674679834891693,0.6978817289434457,-0.2695862545457236,1.0,1.0
1005,0.9674679834891693,0.6978817289434457,-0.2695862545457236,1.0,1.0
1006,1.0,1.0,0.0,1.0,1.0
1008,0.0,0.0,0.0,1.0,0.0
1009,1.0,1.0,0.0,1.0,1.0
1011,1.0,1.0,0.0,1.0,1.0
1015,1.0,1.0,0.0,1.0,1.0
1016,1.0,1.0,0.0,1.0,1.0
1018,1.0,1.0,0.0,1.0,1.0
1023,1.0,1.0,0.0,1.0,1.0
1025,1.0,0.6309297535714575,-0.36907024642854247,1.0,1.0
1026,1.0,0.6309297535714575,-0.36907024642854247,1.0,1.0
1027,1.0,0.38685280723454163,-0.6131471927654584,1.0,1.0
1028,1.0,0.8503449055347546,-0.1496550944652454,1.0,1.0
1030,1.0,1.0,0.0,1.0,1.0
1031,1.0,1.0,0.0,1.0,1.0
1032,0.0,0.6309297535714575,0.6309297535714575,1.0,1.0
1033,0.0,0.5,0.5,1.0,1.0
1034,1.0,0.6309297535714575,-0.36907024642854247,1.0,1.0
1035,1.0,0.6309297535714575,-0.36907024642854247,1.0,1.0
1036,0.6309297535714575,0.3010299956639812,-0.32989975790747633,1.0,1.0
1037,1.0,1.0,0.0,1.0,1.0
1038,1.0,1.0,0.0,1.0,1.0
1040,0.3065735963827292,0.0,-0.3065735963827292,1.0,1.0
1042,1.0,1.0,0.0,1.0,1.0
1043,1.0,1.0,0.0,1.0,1.0
1044,1.0,1.0,0.0,1.0,1.0
1045,1.0,1.0,0.0,1.0,1.0
1046,0.0,0.0,0.0,1.0,0.6666666666666666
1047,1.0,0.0,-1.0,1.0,1.0
1048,0.0,0.0,0.0,1.0,1.0
1050,0.6309297535714575,1.0,0.36907024642854247,1.0,1.0
1052,0.6309297535714575,0.43067655807339306,-0.20025319549806447,1.0,1.0
1053,0.5,0.5,0.0,1.0,1.0
1054,1.0,1.0,0.0,1.0,1.0
1055,1.0,1.0,0.0,1.0,1.0
1056,1.0,0.5,-0.5,1.0,1.0
1058,1.0,1.0,0.0,1.0,1.0
1065,1.0,1.0,0.0,1.0,1.0
1067,0.0,0.0,0.0,1.0,1.0
1068,0.0,0.0,0.0,1.0,1.0
1069,1.0,1.0,0.0,1.0,1.0
1070,0.3333333333333333,0.38685280723454163,0.053519473901208314,1.0,1.0
1072,1.0,0.6309297535714575,-0.36907024642854247,1.0,1.0
1073,1.0,0.6309297535714575,-0.36907024642854247,1.0,1.0
1074,0.43067655807339306,0.0,-0.43067655807339306,1.0,1.0
1075,0.6309297535714575,0.0,-0.6309297535714575,1.0,1.0
1081,0.6309297535714575,1.0,0.36907024642854247,1.0,1.0
1084,1.0,1.0,0.0,1.0,1.0
1085,0.5,1.0,0.5,1.0,1.0
1087,1.0,1.0,0.0,1.0,1.0
1090,1.0,1.0,0.0,1.0,1.0
1091,0.31546487678572877,0.0,-0.31546487678572877,1.0,0.0
1096,0.0,0.0,0.0,1.0,1.0
1097,0.6309297535714575,0.3333333333333333,-0.2975964202381242,1.0,1.0
1098,0.0,0.0,0.0,0.0,0.0
1101,1.0,1.0,0.0,1.0,1.0
1102,1.0,1.0,0.0,1.0,1.0
1103,1.0,1.0,0.0,1.0,1.0
1105,1.0,1.0,0.0,1.0,1.0
1106,1.0,1.0,0.0,1.0,1.0
1109,0.0,0.0,0.0,0.5,0.5
1111,0.3333333333333333,0.0,-0.3333333333333333,1.0,1.0
1112,0.6309297535714575,0.0,-0.6309297535714575,1.0,1.0
1114,1.0,1.0,0.0,1.0,1.0
1115,1.0,1.0,0.0,1.0,1.0
1118,0.6309297535714575,1.0,0.36907024642854247,1.0,1.0
1119,0.9060254355346823,0.7328286204777911,-0.17319681505689122,1.0,1.0
1120,0.9060254355346823,0.7328286204777911,-0.17319681505689122,1.0,1.0
1125,1.0,1.0,0.0,1.0,1.0
1126,1.0,1.0,0.0,1.0,1.0
1127,0.43067655807339306,0.0,-0.43067655807339306,1.0,1.0
1128,0.23719771276929622,0.18457569677956817,-0.052622015989728044,0.5,1.0
1133,1.0,1.0,0.0,1.0,1.0
1134,1.0,1.0,0.0,1.0,1.0
1135,1.0,1.0,0.0,1.0,1.0
1136,1.0,1.0,0.0,1.0,1.0
1138,0.0,0.0,0.0,0.0,1.0
1139,1.0,0.6309297535714575,-0.36907024642854247,1.0,1.0
1141,1.0,1.0,0.0,1.0,1.0
1142,1.0,1.0,0.0,1.0,1.0
1145,1.0,1.0,0.0,1.0,1.0
1148,1.0,1.0,0.0,1.0,1.0
1153,1.0,1.0,0.0,1.0,1.0
1156,0.0,0.0,0.0,1.0,1.0
1157,0.31546487678572877,0.0,-0.31546487678572877,1.0,0.0
1158,0.43067655807339306,0.0,-0.43067655807339306,1.0,1.0
1159,0.0,0.0,0.0,1.0,0.0
1161,0.0,0.38685280723454163,0.38685280723454163,1.0,1.0
1162,1.0,1.0,0.0,1.0,1.0
1164,0.3010299956639812,1.0,0.6989700043360187,1.0,1.0
1165,0.2890648263178879,1.0,0.7109351736821121,1.0,1.0
1166,1.0,0.0,-1.0,1.0,1.0
1168,1.0,0.6309297535714575,-0.36907024642854247,1.0,1.0
1169,1.0,0.43067655807339306,-0.5693234419266069,1.0,1.0
1170,1.0,1.0,0.0,1.0,1.0
1171,1.0,1.0,0.0,1.0,1.0
1173,1.0,1.0,0.0,1.0,1.0
1174,0.0,0.0,0.0,1.0,0.0
1176,1.0,1.0,0.0,1.0,1.0
1177,1.0,1.0,0.0,1.0,1.0
1178,0.0,0.0,0.0,1.0,0.0
1181,1.0,0.9828920819566879,-0.01710791804331213,1.0,1.0
1182,0.5,0.6309297535714575,0.13092975357145753,1.0,1.0
1183,1.0,1.0,0.0,1.0,1.0
1184,1.0,0.5,-0.5,1.0,1.0
1186,0.3010299956639812,1.0,0.6989700043360187,1.0,1.0
1188,0.5,1.0,0.5,1.0,1.0
1190,0.0,1.0,1.0,0.0,1.0
1193,0.43067655807339306,0.6309297535714575,0.20025319549806447,1.0,1.0
1195,1.0,1.0,0.0,1.0,1.0
1205,1.0,1.0,0.0,1.0,1.0
1206,1.0,1.0,0.0,1.0,1.0
1208,0.2890648263178879,1.0,0.7109351736821121,1.0,1.0
1209,0.5,0.0,-0.5,1.0,1.0
1210,1.0,1.0,0.0,1.0,1.0
1211,1.0,1.0,0.0,1.0,1.0
1212,0.0,0.0,0.0,0.5,0.5
1214,0.0,0.0,0.0,0.0,0.0
1215,1.0,0.2890648263178879,-0.7109351736821121,1.0,1.0
1218,0.0,0.0,0.0,1.0,1.0
1219,0.9197207891481876,0.8175295903539445,-0.1021911987942431,1.0,1.0
1220,1.0,0.6309297535714575,-0.36907024642854247,1.0,1.0
1223,1.0,0.5,-0.5,1.0,1.0
1224,0.38685280723454163,0.8065735963827293,0.41972078914818767,1.0,1.0
1227,1.0,1.0,0.0,1.0,1.0
1228,1.0,1.0,0.0,1.0,1.0
1229,1.0,1.0,0.0,1.0,1.0
1230,1.0,1.0,0.0,1.0,1.0
1231,1.0,1.0,0.0,1.0,1.0
1234,1.0,1.0,0.0,1.0,1.0
1235,0.31546487678572877,0.43067655807339306,0.11521168128766429,1.0,1.0
1236,0.31546487678572877,0.43067655807339306,0.11521168128766429,1.0,1.0
1237,1.0,1.0,0.0,1.0,1.0
1238,1.0,1.0,0.0,1.0,1.0
1239,0.3065735963827292,0.2640681225725909,-0.042505473810138306,1.0,1.0
1244,0.6309297535714575,0.43067655807339306,-0.20025319549806447,1.0,1.0
1246,0.3562071871080222,0.0,-0.3562071871080222,1.0,1.0
1247,0.0,0.0,0.0,1.0,1.0
1248,1.0,1.0,0.0,1.0,1.0
1249,1.0,1.0,0.0,1.0,1.0
1253,0.0,0.43067655807339306,0.43067655807339306,1.0,1.0
1254,0.38685280723454163,1.0,0.6131471927654584,1.0,1.0
1255,1.0,0.0,-1.0,1.0,1.0
1257,0.0,0.0,0.0,1.0,1.0
1258,0.6309297535714575,0.0,-0.6309297535714575,1.0,0.0
1260,1.0,0.6309297535714575,-0.36907024642854247,1.0,1.0
1261,1.0,0.6309297535714575,-0.36907024642854247,1.0,1.0
1263,0.6309297535714575,1.0,0.36907024642854247,1.0,1.0
1265,1.0,0.38685280723454163,-0.6131471927654584,1.0,1.0
1268,1.0,0.6309297535714575,-0.36907024642854247,1.0,1.0
1269,1.0,1.0,0.0,1.0,1.0
1275,0.6309297535714575,1.0,0.36907024642854247,1.0,1.0
1276,1.0,0.6309297535714575,-0.36907024642854247,1.0,1.0
1284,1.0,1.0,0.0,1.0,1.0
1288,1.0,1.0,0.0,1.0,1.0
1289,1.0,1.0,0.0,1.0,1.0
1291,1.0,1.0,0.0,1.0,1.0
1293,1.0,1.0,0.0,1.0,1.0
1294,0.0,0.6240505200038379,0.6240505200038379,1.0,1.0
1295,1.0,1.0,0.0,1.0,1.0
1297,1.0,1.0,0.0,1.0,1.0
1300,0.0,0.0,0.0,1.0,1.0
1302,0.0,0.0,0.0,1.0,0.0
1304,0.0,0.0,0.0,1.0,0.0
1305,1.0,1.0,0.0,1.0,1.0
1306,0.0,0.0,0.0,1.0,1.0
1307,1.0,0.0,-1.0,1.0,0.0
1308,0.5,0.0,-0.5,1.0,0.0
1309,0.5,0.0,-0.5,1.0,0.0
1310,0.0,0.5,0.5,1.0,1.0
1311,1.0,1.0,0.0,1.0,1.0
1312,1.0,1.0,0.0,1.0,1.0
1314,0.6131471927654584,0.38685280723454163,-0.22629438553091674,0.5,0.5
1315,0.38685280723454163,0.38685280723454163,0.0,0.5,0.5
1322,1.0,1.0,0.0,1.0,1.0
1323,1.0,1.0,0.0,1.0,1.0
1324,1.0,1.0,0.0,1.0,1.0
1325,0.0,0.0,0.0,1.0,1.0
1327,0.6131471927654584,1.0,0.38685280723454163,1.0,1.0
1328,1.0,0.6309297535714575,-0.36907024642854247,1.0,1.0
1330,0.0,0.0,0.0,0.0,0.0
1331,0.0,0.0,0.0,0.0,0.0
1333,1.0,1.0,0.0,1.0,1.0
1334,0.2960819109658652,0.43734888382569426,0.14126697285982903,0.6666666666666666,0.6666666666666666
1340,1.0,1.0,0.0,1.0,1.0
1341,1.0,1.0,0.0,1.0,1.0
1342,0.0,0.6309297535714575,0.6309297535714575,1.0,1.0
1345,0.0,0.0,0.0,0.0,1.0
1346,0.6309297535714575,0.0,-0.6309297535714575,1.0,1.0
1347,1.0,1.0,0.0,1.0,1.0
1348,1.0,1.0,0.0,1.0,1.0
1349,1.0,1.0,0.0,1.0,1.0
1350,1.0,1.0,0.0,1.0,1.0
1351,1.0,1.0,0.0,1.0,1.0
1353,0.6309297535714575,0.6309297535714575,0.0,1.0,1.0
1355,1.0,1.0,0.0,1.0,1.0
1356,1.0,1.0,0.0,1.0,1.0
1360,1.0,1.0,0.0,1.0,1.0
1361,0.9197207891481876,0.9197207891481876,0.0,1.0,1.0
1364,0.6309297535714575,0.0,-0.6309297535714575,1.0,0.0
1366,1.0,0.6309297535714575,-0.36907024642854247,1.0,1.0
1367,0.31546487678572877,0.43067655807339306,0.11521168128766429,1.0,1.0
1371,1.0,1.0,0.0,1.0,1.0
1372,1.0,1.0,0.0,1.0,1.0
1373,1.0,1.0,0.0,1.0,1.0
1374,0.6309297535714575,0.6309297535714575,0.0,1.0,1.0
1375,0.6309297535714575,0.6309297535714575,0.0,1.0,1.0
1376,0.5,0.6309297535714575,0.13092975357145753,1.0,1.0
1378,1.0,1.0,0.0,1.0,1.0
1380,0.4367467095119258,0.7122630665145961,0.27551635700267035,1.0,1.0
1381,1.0,1.0,0.0,1.0,1.0
1383,0.0,1.0,1.0,1.0,1.0
1386,1.0,0.6309297535714575,-0.36907024642854247,1.0,1.0
1387,0.38685280723454163,0.0,-0.38685280723454163,1.0,1.0
1390,1.0,1.0,0.0,1.0,1.0
1391,1.0,1.0,0.0,1.0,1.0
1392,1.0,1.0,0.0,1.0,1.0
1393,0.0,0.8772153153380493,0.8772153153380493,1.0,1.0
1394,0.0,0.43067655807339306,0.43067655807339306,0.0,1.0
1397,0.0,0.6309297535714575,0.6309297535714575,0.0,1.0
1398,0.0,0.0,0.0,1.0,1.0
1400,0.6309297535714575,0.0,-0.6309297535714575,1.0,1.0
1401,1.0,1.0,0.0,1.0,1.0
1402,0.0,0.0,0.0,0.0,0.0
1403,1.0,0.8175295903539445,-0.18247040964605554,1.0,1.0
1404,1.0,0.6131471927654584,-0.38685280723454163,1.0,1.0
1405,1.0,0.5,-0.5,1.0,1.0
1406,1.0,1.0,0.0,1.0,1.0
1407,0.18457569677956817,0.0,-0.18457569677956817,1.0,1.0
