query_id,doc_id,raw_tokens,retained_tokens,truncated,original_rank,reranked_rank,logit,relevant
881,14803797,387,387,False,1,1,4.768519401550293,1
881,6327940,645,512,True,2,3,-3.1821370124816895,0
881,12709184,523,512,True,3,5,-6.626399517059326,0
881,6793674,435,435,False,4,4,-3.529895782470703,0
881,33684572,485,485,False,5,2,-2.022571563720703,0
881,5687200,663,512,True,6,6,-7.292017936706543,0
881,15615957,539,512,True,7,7,-7.559176921844482,0
881,44693226,327,327,False,8,8,-8.36179256439209,0
881,35828148,319,319,False,9,9,-8.672533988952637,0
881,23245050,339,339,False,10,10,-9.92752456665039,0
1125,21009874,550,512,True,1,1,3.658378839492798,1
1125,36480032,306,306,False,2,7,-5.9548659324646,0
1125,9056874,198,198,False,3,2,-2.395928144454956,0
1125,9767444,435,435,False,4,5,-3.9165499210357666,0
1125,9977329,194,194,False,5,8,-6.389568328857422,0
1125,13952658,185,185,False,6,4,-3.872868299484253,0
1125,25589047,590,512,True,7,3,-3.6299970149993896,0
1125,38886345,945,512,True,8,9,-7.5475263595581055,0
1125,2947124,231,231,False,9,10,-9.3120698928833,0
1125,7986878,478,478,False,10,6,-4.736587047576904,0
1309,10906636,472,472,False,1,3,-4.099305152893066,0
1309,1574014,407,407,False,2,2,-2.6061620712280273,0
1309,14719322,385,385,False,3,9,-7.907217025756836,0
1309,35395662,283,283,False,4,4,-4.5782470703125,0
1309,26688294,346,346,False,5,6,-5.810889720916748,0
1309,12932176,410,410,False,6,8,-6.944109916687012,0
1309,19603353,204,204,False,7,10,-8.380207061767578,0
1309,4469125,385,385,False,8,5,-5.776505947113037,0
1309,116792,446,446,False,9,7,-6.761493682861328,0
1309,34016944,552,512,True,10,1,-2.220466136932373,0
201,2462673,309,309,False,1,1,8.71003532409668,1
201,35651106,244,244,False,2,3,2.3937859535217285,0
201,13868795,321,321,False,3,4,1.986726999282837,0
201,28006126,315,315,False,4,2,2.693859577178955,0
201,8038329,449,449,False,5,9,-0.7234156727790833,0
201,7343711,227,227,False,6,6,0.3022415339946747,0
201,18231807,264,264,False,7,8,-0.19177603721618652,0
201,29015485,425,425,False,8,10,-1.1459084749221802,0
201,22997657,316,316,False,9,5,0.8920111656188965,0
201,12100963,248,248,False,10,7,0.23522114753723145,0
1193,14865329,277,277,False,1,4,-2.237281322479248,0
1193,20532591,205,205,False,2,1,-0.6677667498588562,1
1193,17973161,407,407,False,3,2,-1.0301002264022827,0
1193,19205437,355,355,False,4,3,-1.0496447086334229,0
1193,29381091,291,291,False,5,6,-4.031136989593506,0
1193,79447,425,425,False,6,5,-3.4132914543151855,0
1193,27686445,422,422,False,7,10,-6.259613990783691,0
1193,26902591,268,268,False,8,9,-5.590885162353516,0
1193,38023457,250,250,False,9,7,-4.761987686157227,0
1193,52865789,397,397,False,10,8,-5.533176422119141,0
