variant,query_id,doc_id,raw_tokens,retained_tokens,query_raw,query_retained,doc_raw,doc_retained,title_retained,abstract_retained,special_tokens,truncated,relevant,input_sha256,logit,rank
title_256,881,14803797,387,256,24,24,360,229,25,204,3,1,1,a8c6d6ae3eca59bca490e1066879a5b989ba28ae7baf5f08eed160ad567db388,5.940306663513184,1
title_256,881,6327940,645,256,24,24,618,229,23,206,3,1,0,2b5b03de443b50b35070d5af0b2f09825b8f4e91ece3502d17162603f8e8907b,-4.4671711921691895,3
title_256,881,12709184,523,256,24,24,496,229,11,218,3,1,0,472e31e8b43d914a90b3f652ac207d754c765089e5d193397859dd5343976d95,-8.083212852478027,5
title_256,881,6793674,435,256,24,24,408,229,28,201,3,1,0,9e181f2445d41ab1d87b5f2018f0787f8ad3d714d3ff58d4fb6a0ba82e33119f,-4.840839385986328,4
title_256,881,33684572,485,256,24,24,458,229,18,211,3,1,0,3c4cccbfa2a5b684838b34cd2037075cd3ecc6b636c78954cc819d4502c0772d,-2.5465457439422607,2
title_256,881,5687200,663,256,24,24,636,229,21,208,3,1,0,15f37947728b621fea89720f351bc88694c941880d4b5a8a852653950fa65fb5,-8.807758331298828,8
title_256,881,15615957,539,256,24,24,512,229,2,227,3,1,0,4bc435087d96b57414ac164ed937187e9e1af7b854dd08d4f8011364ae4585e6,-9.754143714904785,9
title_256,881,44693226,327,256,24,24,300,229,17,212,3,1,0,c50a900a95bcad60a173f7e03ec3f1f990d1204fbe8d30ce5b973ddcf2f792a5,-8.346758842468262,6
title_256,881,35828148,319,256,24,24,292,229,22,207,3,1,0,2cc610bfef4b21c58dc0327eba99ba7552f774b255ac2a12df5d7a29c8901b5f,-8.621345520019531,7
title_256,881,23245050,339,256,24,24,312,229,7,222,3,1,0,4a687d5265bd86aec3d1ee74e318302a14d47c3093f9db039f29daeb47639537,-9.96302604675293,10
title_256,1125,21009874,550,256,28,28,519,225,25,200,3,1,1,f4142bf1fb1a8a630cb084b9a1a18f809d63d9a8f7608f1f59a258d5acac0aab,3.461028575897217,1
title_256,1125,36480032,306,256,28,28,275,225,12,213,3,1,0,604d59b15f2dda9ffd87125be585abf29fb6b4a0b61497cd793d48282592b0fd,-6.08354377746582,6
title_256,1125,9056874,198,198,28,28,167,167,15,152,3,0,0,dcfc2ff34369ae84c7a812907fe0bf99ea8efc08996f743cdcb8a7deb5d18da0,-2.395928144454956,2
title_256,1125,9767444,435,256,28,28,404,225,31,194,3,1,0,d5344e50fa1f5035c605e74cd941dc45f01ed9589dd3fce7bcf4b5904d2b44cf,-5.301833152770996,5
title_256,1125,9977329,194,194,28,28,163,163,6,157,3,0,0,4c4ddc05a0410fb0d7c5e40a29d3bd2f1926692f71acde7db1190ac0c7115cdb,-6.389568328857422,8
title_256,1125,13952658,185,185,28,28,154,154,7,147,3,0,0,763aa6b24d8065a6bf48c085b457cf44fc9876ded06f7cc90323a480cdcffd62,-3.872868299484253,3
title_256,1125,25589047,590,256,28,28,559,225,19,206,3,1,0,edde02a7bf0cceab648620831f4be25ae85561069458e214bf781ffda5a87961,-3.9000110626220703,4
title_256,1125,38886345,945,256,28,28,914,225,35,190,3,1,0,c4b083c41f45539e55d2d157b55aaa9d7c60ea80d833d3a1298290fcaa29ed28,-8.485563278198242,9
title_256,1125,2947124,231,231,28,28,200,200,17,183,3,0,0,058ea05939369d84518baa0ef2566f6fbeeae5de4b93d535bda8ffee44a4dfbf,-9.3120698928833,10
title_256,1125,7986878,478,256,28,28,447,225,40,185,3,1,0,bb305998d79a6e825bae774daca5f40519aa48917a5ebe6ab70b93ac6391ed3f,-6.104236602783203,7
title_256,1309,10906636,472,256,14,14,455,239,38,201,3,1,0,796eec3c4881680747e62b730f7ba4b9cd50ed214aef6b9ad488e0332e1bba96,-5.4578399658203125,5
title_256,1309,1574014,407,256,14,14,390,239,37,202,3,1,0,df28e2bf434c1cc630e6dbde7e2b6961f69b13446b4ea0bc09b97d7da1e30400,-3.2934255599975586,1
title_256,1309,14719322,385,256,14,14,368,239,21,218,3,1,0,5140858afd24a9c2909ce327a87266c7ff2ecfc21ace45e7e462781594351967,-9.518349647521973,10
title_256,1309,35395662,283,256,14,14,266,239,27,212,3,1,0,c535c11725c389f9158d76e8835e3b3f43ef3a202784a51ca5a9d1a32a496f1e,-4.48204231262207,2
title_256,1309,26688294,346,256,14,14,329,239,27,212,3,1,0,0bb1362d5522cf91b7c2932a58eb2a5e9bd67c233fe5434ef10beb44a3690322,-7.828179359436035,8
title_256,1309,12932176,410,256,14,14,393,239,30,209,3,1,0,77cacaddfbeaf316e2020fc9e01455e60ae4b4f7f0077d867ec02a4dccef9820,-7.545379638671875,7
title_256,1309,19603353,204,204,14,14,187,187,13,174,3,0,0,fdc4030c6a5dd33b1fff117f965c38067d6be15f94e16e795f7728a1f4998da4,-8.380207061767578,9
title_256,1309,4469125,385,256,14,14,368,239,23,216,3,1,0,896bcc14438ede2b8db69147ed83e61577b44601c1f2134bc41346450cdcf1eb,-4.984909534454346,4
title_256,1309,116792,446,256,14,14,429,239,26,213,3,1,0,7ac3223f897fb88afa5f2c2fc57172999ab785f749b061874bc049eece16c4da,-7.264920234680176,6
title_256,1309,34016944,552,256,14,14,535,239,56,183,3,1,0,0b386a8179f22ffee553d0dde6173607f0ac766981c81e03613d21d79b9098cd,-4.756421089172363,3
title_256,201,2462673,309,256,17,17,289,236,13,223,3,1,1,c3d11276977279af6d881637ad2ba97aa65a701d9290ea4a71cd6e9be410bcc8,8.995674133300781,1
title_256,201,35651106,244,244,17,17,224,224,16,208,3,0,0,6a03b999675ffa19cd60bb390c9cd205b1840feb8148ae1758a5497ab7007afc,2.3937859535217285,3
title_256,201,13868795,321,256,17,17,301,236,11,225,3,1,0,404f58f1026fc27e318c7dfec82e43253677d2ddb2f04a45d5681906d42536bc,2.005711793899536,4
title_256,201,28006126,315,256,17,17,295,236,36,200,3,1,0,a59305430fab5947dbdad8c6b13a67acb5756864b951663b6830145681988275,2.5421643257141113,2
title_256,201,8038329,449,256,17,17,429,236,19,217,3,1,0,9ce58e6798405988a76a29bcf97710406478cc57f48dbfda16c60b0abfbb7779,-0.9614271521568298,8
title_256,201,7343711,227,227,17,17,207,207,15,192,3,0,0,0e89976f1dc3bc9991d5397c8ccdf5b55da077d74d3d29b210d83dcdda3c3a60,0.3022415339946747,6
title_256,201,18231807,264,256,17,17,244,236,23,213,3,1,0,e771d2dbffaa894a9348188218ebe410544840a14be43d06dee77ae16b6a66c0,-1.1842081546783447,10
title_256,201,29015485,425,256,17,17,405,236,25,211,3,1,0,1d258d4b3eb5f8acd4599507a3778fddbedcbf6b93fb6fbcb1bd008ff86a540a,-1.0010813474655151,9
title_256,201,22997657,316,256,17,17,296,236,22,214,3,1,0,c2ff62fe629ecafe8ba5cb0b8832f9ce786141136d3e8e965a393104ff870d46,0.8502976298332214,5
title_256,201,12100963,248,248,17,17,228,228,27,201,3,0,0,57540cbcc41cf6c2fbb66a87643b50d3a53d8457ad0c017ddc8606e522976542,0.23522114753723145,7
title_256,1193,14865329,277,256,23,23,251,230,13,217,3,1,0,8a21ea81186a0082b02983a43d38a9eb89de36d828b97a470120f6a75719128b,-2.2350564002990723,4
title_256,1193,20532591,205,205,23,23,179,179,14,165,3,0,1,4811597c5fcecc9ae6b8c1100015c59979df1bba5164c3107207d0821e9b8cb2,-0.6677667498588562,1
title_256,1193,17973161,407,256,23,23,381,230,27,203,3,1,0,b91a06f2a75113fd2c31ee0b138f61432e8d41362155db8a4d857ac01769bda3,-1.6531680822372437,3
title_256,1193,19205437,355,256,23,23,329,230,28,202,3,1,0,11162cd1757720a53d18ab326d95559342a9caf02703821f8484e6c39eda8acf,-1.1576814651489258,2
title_256,1193,29381091,291,256,23,23,265,230,19,211,3,1,0,8cc471d3036324280f443d69435da0c8ce111edafc45c4af86fe2ce0ca1f5c16,-3.9062411785125732,5
title_256,1193,79447,425,256,23,23,399,230,17,213,3,1,0,9d9199af5e45edd1565e3dcd22785e48420f141fbfd59b6b06476b7fc6f080eb,-4.13077449798584,6
title_256,1193,27686445,422,256,23,23,396,230,31,199,3,1,0,494276b0f10760c06696a2b5393114baba3b6e49eec439da77e28b77b80c6d2c,-8.633460998535156,9
title_256,1193,26902591,268,256,23,23,242,230,17,213,3,1,0,30e20f0a34677cc24f78265e7701e911dbf9d5b3d71fc05e332c5cef59c04199,-5.426792144775391,8
title_256,1193,38023457,250,250,23,23,224,224,26,198,3,0,0,8bd67abc7e54d4afd12d8be07f48867bb63ea1a16b7387ad679960b02940848f,-4.761987686157227,7
title_256,1193,52865789,397,256,23,23,371,230,29,201,3,1,0,ba1fa8e8b32bc6a92baaf90c310f6d492a154fc83b854d621908f0a212a1d5ff,-10.046825408935547,10
title_512,881,14803797,387,387,24,24,360,360,25,335,3,0,1,daabfbeb415d2d5ae726d3916b34137f38ecdd8fb2c7de2d11047ab88e05e409,4.768519401550293,1
title_512,881,6327940,645,512,24,24,618,485,23,462,3,1,0,caeab4451600cd1e61d3efb6c82e3c5e3713d3c70129ebea411b7fb4f325f246,-3.1821370124816895,3
title_512,881,12709184,523,512,24,24,496,485,11,474,3,1,0,04957876a8b9bce47968dfe8466795db754f30c6df2e4498be05f13ed9951e31,-6.626399517059326,5
title_512,881,6793674,435,435,24,24,408,408,28,380,3,0,0,bb16007ff5e45feaa23066312fb82071a9024fead2792d4a954cdfc6da414fd7,-3.529895782470703,4
title_512,881,33684572,485,485,24,24,458,458,18,440,3,0,0,53d7b1795e3bcad4cedaf69578c1e83ec719ae7f9eead785e40b6ffd821c597b,-2.022571563720703,2
title_512,881,5687200,663,512,24,24,636,485,21,464,3,1,0,f63b7e7907392f3869748a8f7e44bfdd3df5b3dcf89688baf1c2d5368551a867,-7.292017936706543,6
title_512,881,15615957,539,512,24,24,512,485,2,483,3,1,0,7139e02cf4100ca39dda18f4fdc3213149b4adba8cc57e9be0d4b8b973fc2388,-7.559176921844482,7
title_512,881,44693226,327,327,24,24,300,300,17,283,3,0,0,0bc8c4b9e8a1fd88a22b86c592016fbb7da7ac68fae7921823e5ead9d3e73d91,-8.36179256439209,8
title_512,881,35828148,319,319,24,24,292,292,22,270,3,0,0,760aeb9a8d430f578ed6495529581c50f7ccf16cae703a7b9f2e88dbee1e05e2,-8.672533988952637,9
title_512,881,23245050,339,339,24,24,312,312,7,305,3,0,0,e186a6fe36c9570afe97a896c7555a9027c8a31ab749e41c7b1ecc47403c9563,-9.92752456665039,10
title_512,1125,21009874,550,512,28,28,519,481,25,456,3,1,1,ee276f6367090950755202d2de24eefea94dd6c4fd1d8862af9cccbbfd774d5d,3.658378839492798,1
title_512,1125,36480032,306,306,28,28,275,275,12,263,3,0,0,8e1e61e8eeb48b8631ce2304b2af0e7f5d9953d164173e7e02133d72bcf5cb9b,-5.9548659324646,7
title_512,1125,9056874,198,198,28,28,167,167,15,152,3,0,0,dcfc2ff34369ae84c7a812907fe0bf99ea8efc08996f743cdcb8a7deb5d18da0,-2.395928144454956,2
title_512,1125,9767444,435,435,28,28,404,404,31,373,3,0,0,8e73ef948f63dc293f3e37f831a273bfeb38655260fe170ba30fb559f8e70ec7,-3.9165499210357666,5
title_512,1125,9977329,194,194,28,28,163,163,6,157,3,0,0,4c4ddc05a0410fb0d7c5e40a29d3bd2f1926692f71acde7db1190ac0c7115cdb,-6.389568328857422,8
title_512,1125,13952658,185,185,28,28,154,154,7,147,3,0,0,763aa6b24d8065a6bf48c085b457cf44fc9876ded06f7cc90323a480cdcffd62,-3.872868299484253,4
title_512,1125,25589047,590,512,28,28,559,481,19,462,3,1,0,ca9517c554a03ea57ffaff460cd57f4c64f21eeb21907f7c5799d206a1ee2c0e,-3.6299970149993896,3
title_512,1125,38886345,945,512,28,28,914,481,35,446,3,1,0,c510c18518b705eb0dcd35a262d65dfa461de20bf79862a0addeb38f5a5217cd,-7.5475263595581055,9
title_512,1125,2947124,231,231,28,28,200,200,17,183,3,0,0,058ea05939369d84518baa0ef2566f6fbeeae5de4b93d535bda8ffee44a4dfbf,-9.3120698928833,10
title_512,1125,7986878,478,478,28,28,447,447,40,407,3,0,0,58c0b3f26dd3c7856f307fcabd08fe77369c71aacfcbc50e18fa75d7566a8d8f,-4.736587047576904,6
title_512,1309,10906636,472,472,14,14,455,455,38,417,3,0,0,ee3bf4d78eceb610cef22d469f10944ce4f765324c390c977cffcaeee7dd83bc,-4.099305152893066,3
title_512,1309,1574014,407,407,14,14,390,390,37,353,3,0,0,2a1ad73c16d68272a3954f9abdd098626652d8a559a69dc7b90c357d4309a201,-2.6061620712280273,2
title_512,1309,14719322,385,385,14,14,368,368,21,347,3,0,0,8d8006623af9a601b7488407953794768dc1283897c9c3445e737064572551b0,-7.907217025756836,9
title_512,1309,35395662,283,283,14,14,266,266,27,239,3,0,0,f3b1ff0bc19fe9f0723c88a6d9b656296203d6c4ac19788fdf9515ebf41f32ee,-4.5782470703125,4
title_512,1309,26688294,346,346,14,14,329,329,27,302,3,0,0,b50eb6cb5b7162889980ee9497b9da3bc8caf53b8a2db76384371e1eb3d1f162,-5.810889720916748,6
title_512,1309,12932176,410,410,14,14,393,393,30,363,3,0,0,420bfb551a2cf28dfc2db1c1dd8d91df60a1a578c594ea5a09258a16f99446ef,-6.944109916687012,8
title_512,1309,19603353,204,204,14,14,187,187,13,174,3,0,0,fdc4030c6a5dd33b1fff117f965c38067d6be15f94e16e795f7728a1f4998da4,-8.380207061767578,10
title_512,1309,4469125,385,385,14,14,368,368,23,345,3,0,0,3fa0c74eb0f6615faef9e16d8f060d4ab3ae4c9272dafd24f23c8aefa9495f07,-5.776505947113037,5
title_512,1309,116792,446,446,14,14,429,429,26,403,3,0,0,44a8fa5cb95a1729e72123a8416693584a8c492873e74dd296923106b987cac9,-6.761493682861328,7
title_512,1309,34016944,552,512,14,14,535,495,56,439,3,1,0,a1565b58e23104fee532747cd9ae22d665bab2d4804f4d70c796020060343249,-2.220466136932373,1
title_512,201,2462673,309,309,17,17,289,289,13,276,3,0,1,cfe95f2eef3c8014776f3825916ff8b510967e5dc27d0429ee2618b5532bdf03,8.71003532409668,1
title_512,201,35651106,244,244,17,17,224,224,16,208,3,0,0,6a03b999675ffa19cd60bb390c9cd205b1840feb8148ae1758a5497ab7007afc,2.3937859535217285,3
title_512,201,13868795,321,321,17,17,301,301,11,290,3,0,0,08c09b8be0f283dcefee4ff3ecb2ae84ce977518ef8c9e85dc3703615ab9100e,1.986726999282837,4
title_512,201,28006126,315,315,17,17,295,295,36,259,3,0,0,a1ee01d851f6a6ce8058d0d57750a6364bb95e9e87c8dd6d2eef1f5e2ddbc78e,2.693859577178955,2
title_512,201,8038329,449,449,17,17,429,429,19,410,3,0,0,d630aafc1f9336a94f7a8a0b71f0f37814ded359e90b4775a6b661a033be49fb,-0.7234156727790833,9
title_512,201,7343711,227,227,17,17,207,207,15,192,3,0,0,0e89976f1dc3bc9991d5397c8ccdf5b55da077d74d3d29b210d83dcdda3c3a60,0.3022415339946747,6
title_512,201,18231807,264,264,17,17,244,244,23,221,3,0,0,4dd596f2bf37ffd1890562200911499e354ed015f8d14d7be7df768179bf8cda,-0.19177603721618652,8
title_512,201,29015485,425,425,17,17,405,405,25,380,3,0,0,e004161190b2871304b659441a3e8d0c70da1ee5c12a3917a1724e0d3d3c7d81,-1.1459084749221802,10
title_512,201,22997657,316,316,17,17,296,296,22,274,3,0,0,225f4984dc0583d478cb1c99f7ecef79094a205f4384f22538d55294c3014f89,0.8920111656188965,5
title_512,201,12100963,248,248,17,17,228,228,27,201,3,0,0,57540cbcc41cf6c2fbb66a87643b50d3a53d8457ad0c017ddc8606e522976542,0.23522114753723145,7
title_512,1193,14865329,277,277,23,23,251,251,13,238,3,0,0,d586d78a53e896dcadfb8089626210e828ef5ee04b871940bd94230315438b35,-2.237281322479248,4
title_512,1193,20532591,205,205,23,23,179,179,14,165,3,0,1,4811597c5fcecc9ae6b8c1100015c59979df1bba5164c3107207d0821e9b8cb2,-0.6677667498588562,1
title_512,1193,17973161,407,407,23,23,381,381,27,354,3,0,0,2e61fa3777837b3e4b700a8cad29d4a5ebec4fe50deefa40877176b30327176d,-1.0301002264022827,2
title_512,1193,19205437,355,355,23,23,329,329,28,301,3,0,0,bb18c25c15d895018a1640e60b9c07f55c12f7687731794ff89e337141e9b60e,-1.0496447086334229,3
title_512,1193,29381091,291,291,23,23,265,265,19,246,3,0,0,8dfa0ad0ed73fac05082b2fe6893a434117966aab93e179ba14f87ba7bc21220,-4.031136989593506,6
title_512,1193,79447,425,425,23,23,399,399,17,382,3,0,0,6210d02d5299681a1a1d39efee29d27c86c9385a50db4fb358a10b344ec1bfcd,-3.4132914543151855,5
title_512,1193,27686445,422,422,23,23,396,396,31,365,3,0,0,e29829067d3d689822858fd359eb8c054ba51580f6adf80cd0f614811b28abcb,-6.259613990783691,10
title_512,1193,26902591,268,268,23,23,242,242,17,225,3,0,0,fdc70bede41e3e4888bc8c3a3070cd450acc68c70ded04bdc5ba2f413c1e69c0,-5.590885162353516,9
title_512,1193,38023457,250,250,23,23,224,224,26,198,3,0,0,8bd67abc7e54d4afd12d8be07f48867bb63ea1a16b7387ad679960b02940848f,-4.761987686157227,7
title_512,1193,52865789,397,397,23,23,371,371,29,342,3,0,0,e8465d5f3486c83438d7607cfbedfb1ef6cbf1590faf94955bc6475fcb176593,-5.533176422119141,8
abstract_256,881,14803797,362,256,24,24,335,229,0,229,3,1,1,ed4a4067e7b04764e7a6dd77ce10fdd973308b340325b4d1c6f9771d0eaf6e2b,6.3335771560668945,1
abstract_256,881,6327940,622,256,24,24,595,229,0,229,3,1,0,e982f0ccdcd04cb924b8fdad4921c3f6882c7c63e9f7f227eab2ea5ff34f6e8f,-4.303918361663818,3
abstract_256,881,12709184,512,256,24,24,485,229,0,229,3,1,0,345789a344503a09877d530e1709a00ecb0af5942987236fdf1afc460b9cbea0,-7.82840633392334,6
abstract_256,881,6793674,407,256,24,24,380,229,0,229,3,1,0,31e2d083174b20970b1a85de8e22022310b100d65138830299b1a912d0019c1d,-4.704048156738281,4
abstract_256,881,33684572,467,256,24,24,440,229,0,229,3,1,0,cc1c4d8557a85620fdedf38b118818ccce81ec27f6212be8d810b07131b9e7f3,-1.5799150466918945,2
abstract_256,881,5687200,642,256,24,24,615,229,0,229,3,1,0,ce3af5d84528c736b65367ce9cd4d48f81fcdefdb7071528c2d9a78c16cae4fb,-9.459096908569336,8
abstract_256,881,15615957,537,256,24,24,510,229,0,229,3,1,0,6448d7d996eb6d8d26c81d794023a94cc3c440d59db0c22c13d7bd86beeb4858,-9.705191612243652,9
abstract_256,881,44693226,310,256,24,24,283,229,0,229,3,1,0,70cc1b305768bcce885ff0c55925a566fee6e51fe8e5edbbdd88c9c14ebe35d0,-7.707187652587891,5
abstract_256,881,35828148,297,256,24,24,270,229,0,229,3,1,0,2bef62d06670016440e403b5416270e57e52d1c2da0a9bbaeba6757f8f47c8a0,-8.364233016967773,7
abstract_256,881,23245050,332,256,24,24,305,229,0,229,3,1,0,ac727eb7e570d5671cccffb19b3160a089afd8f68cc1620244df19e470492b0d,-9.889427185058594,10
abstract_256,1125,21009874,525,256,28,28,494,225,0,225,3,1,1,efe4a01a894fbe35233a2b8fa7a66bd4574cb7540e2fb0e66544199e76600fe3,3.4172654151916504,1
abstract_256,1125,36480032,294,256,28,28,263,225,0,225,3,1,0,adef50a449b0e293dc1a63d7addb18d072f19b7d0259bb7a6da4117820be4c7b,-5.127252101898193,5
abstract_256,1125,9056874,183,183,28,28,152,152,0,152,3,0,0,eec5e37fdecdd520eec51564a6d10e52d218756b2dcf85bdaefaeee31380dfa1,-3.321246862411499,2
abstract_256,1125,9767444,404,256,28,28,373,225,0,225,3,1,0,d826c8518fb7fcd2a5dcf14ec663ffeb2c5a1c5e3d0a70f9cf2230be8b0a2af4,-7.16879940032959,7
abstract_256,1125,9977329,188,188,28,28,157,157,0,157,3,0,0,ba1456493bf4268c85aa2bef0a9dd59e4946d5b1ce0c92d167ec05e2a273187f,-6.553963661193848,6
abstract_256,1125,13952658,178,178,28,28,147,147,0,147,3,0,0,22323b6008e2c526f7f334184968b19fd75c971d2ebb4d640a9f8646679ccc57,-3.6815624237060547,3
abstract_256,1125,25589047,571,256,28,28,540,225,0,225,3,1,0,0cb72857e3b8398fe8a1810ed9d05ca67d0e809bf71bb9b23a602bab65364b27,-4.1824212074279785,4
abstract_256,1125,38886345,910,256,28,28,879,225,0,225,3,1,0,bee19260785d2b30e5b393e96e2cca9c4fa0ef63f19a7606d33d3b3cbbb828d2,-8.103469848632812,8
abstract_256,1125,2947124,214,214,28,28,183,183,0,183,3,0,0,0e334c7df8a641a6af40445616f5ca3535d54ad068146b6d02266ceda9b2927e,-8.448423385620117,10
abstract_256,1125,7986878,438,256,28,28,407,225,0,225,3,1,0,268e0e5018c9d8982016c11c5cfda489370978b035be848a0b460bf95039e1f3,-8.255002975463867,9
abstract_256,1309,10906636,434,256,14,14,417,239,0,239,3,1,0,2d4845a34a680d4ccf81f6817239d9ae81e42f74f00b39f54d1a397f1a090b9c,-4.47617244720459,3
abstract_256,1309,1574014,370,256,14,14,353,239,0,239,3,1,0,e2bd058351cd1ecec46f3dc9d8fed42d9e1691616c0c2aaace978ef2667dfb1b,-3.0842010974884033,1
abstract_256,1309,14719322,364,256,14,14,347,239,0,239,3,1,0,6b3bc3d4404f665604a6b33e61273870d2541c1e6bd1300ec45263387ed0f501,-9.135466575622559,8
abstract_256,1309,35395662,256,256,14,14,239,239,0,239,3,0,0,72b507543e82faecd3b0d2016055142f83cfd87ba0e0dffc7896858f14b5630c,-5.460180282592773,5
abstract_256,1309,26688294,319,256,14,14,302,239,0,239,3,1,0,87286b114b720ef537edf600c02a1e9e5504b46a6fbd7a4368d72c4698cde724,-7.388463497161865,6
abstract_256,1309,12932176,380,256,14,14,363,239,0,239,3,1,0,f463eb330a36fa34279d8f97d7b50ba30fcfdcee8e20a34f9370634f43b29177,-8.185281753540039,7
abstract_256,1309,19603353,191,191,14,14,174,174,0,174,3,0,0,872e97207a009f76aedb1eb85b0bee54e46338db0f6d9300f95c0322a425af3a,-10.000904083251953,10
abstract_256,1309,4469125,362,256,14,14,345,239,0,239,3,1,0,4fdcede97a2f24019f28a7152d64c82396ea25d30b45a3a38753826c63f0dd95,-4.011786460876465,2
abstract_256,1309,116792,420,256,14,14,403,239,0,239,3,1,0,43486e0a09b185b641b55e5bf3a1227782070d96fa3c29a74eefb06b2b14f1dc,-5.1382269859313965,4
abstract_256,1309,34016944,496,256,14,14,479,239,0,239,3,1,0,2d8b79576351a509f7dabfa33ea937609d6d502a2160c68b06bdf285afa82323,-9.403276443481445,9
abstract_256,201,2462673,296,256,17,17,276,236,0,236,3,1,1,a23d25b5d7d8f40c50d6c89bb4f2bc141831d04146144ab1a27a60bbedbd30e7,7.199187755584717,1
abstract_256,201,35651106,228,228,17,17,208,208,0,208,3,0,0,95740d660f207eac45e7796930778497869afca4ad9355bac5eefb52ee40f1f0,2.4804348945617676,3
abstract_256,201,13868795,310,256,17,17,290,236,0,236,3,1,0,0f2527bc415b1716581f32f05c8602c9457a240911f0d35a2256772c756718d2,2.177499771118164,4
abstract_256,201,28006126,279,256,17,17,259,236,0,236,3,1,0,2d8c9eda05a824e834dc53c612de5dbee8379160ec9fc0fa4f2bd3bc118a31a5,3.285557508468628,2
abstract_256,201,8038329,430,256,17,17,410,236,0,236,3,1,0,c17004443954e1091ed9c8e4178727757bbb54c6e422b4fc8bcca70bb7d0e44c,-0.6587445139884949,9
abstract_256,201,7343711,212,212,17,17,192,192,0,192,3,0,0,20910662abed7fe96129728c9c3b51bb6b260035239f98426fc54866786b0938,0.9889620542526245,5
abstract_256,201,18231807,241,241,17,17,221,221,0,221,3,0,0,5465aa890821423cde21fc2bd7ffd5c2f1256b2e98417a7c0e2b230b7e6b12b9,-1.466741919517517,10
abstract_256,201,29015485,400,256,17,17,380,236,0,236,3,1,0,d5852c0a430dff64be41d950cda6740212a6a162b51d3a40f35759bd14643e11,-0.07579219341278076,8
abstract_256,201,22997657,294,256,17,17,274,236,0,236,3,1,0,70ea7943cd09d350fc0a61ca6d8e8c0cb90eae48b54d7a5d1dce8018eafc3f34,0.6873339414596558,6
abstract_256,201,12100963,221,221,17,17,201,201,0,201,3,0,0,488307fb7ecbf1202fd4537ebcd1e3eaf620dd3a4025b6c0f0989d960b5abb6d,0.5667060017585754,7
abstract_256,1193,14865329,264,256,23,23,238,230,0,230,3,1,0,61f8263a4b720c5a0ac4cac9de2f17f8bc2ba8151763bb99879ed6bedbca93ff,-1.2862489223480225,3
abstract_256,1193,20532591,191,191,23,23,165,165,0,165,3,0,1,c3981ec00acbe14cedf58d372a31a8f03c2354babb7faf3cf5e0f3b3eb54ee51,-0.5172165632247925,2
abstract_256,1193,17973161,380,256,23,23,354,230,0,230,3,1,0,9601b318a8a344c0708e5f86a6053c70fa3352b684e9a8b1f141d7a0149dba6a,-1.326796054840088,4
abstract_256,1193,19205437,327,256,23,23,301,230,0,230,3,1,0,ba0d87f2a7c535def6c847989ee5a435893e23744f66eeb0aa4e25d5d24e16f9,0.6382133960723877,1
abstract_256,1193,29381091,272,256,23,23,246,230,0,230,3,1,0,69b2751d3db6e5a3345370a662061ee8a527343f012d0f47cc267174ede2ca94,-3.373412609100342,5
abstract_256,1193,79447,408,256,23,23,382,230,0,230,3,1,0,409c0539d8067f220f41fbba736dcc7b77f3f2877a72bc71828a347eb12c1a76,-4.1580729484558105,6
abstract_256,1193,27686445,391,256,23,23,365,230,0,230,3,1,0,dbaee228b6d926bd7be3c2c4d6182abcf62a58a56dcc0a0b47b9bfd36e8409f1,-9.263410568237305,10
abstract_256,1193,26902591,251,251,23,23,225,225,0,225,3,0,0,de8a794214a099656f04375eb88895603672ec4e8518b66e02b88d1ffbc296f1,-6.154886245727539,8
abstract_256,1193,38023457,224,224,23,23,198,198,0,198,3,0,0,2a7e7ec008a2d01dad44d5d34aaa939ab6db4011c7c7d4e5b1dd5e9f06b39ae4,-4.701290130615234,7
abstract_256,1193,52865789,368,256,23,23,342,230,0,230,3,1,0,9e893721aad404bf88c77338525de01cac28ed9609aba89fdd634f72c3763f6e,-8.977168083190918,9
abstract_512,881,14803797,362,362,24,24,335,335,0,335,3,0,1,0b4c6914485d3b42cd99abea7c7467f7cd21b5e658c20ad91e9702a39dbc0d94,5.791755676269531,1
abstract_512,881,6327940,622,512,24,24,595,485,0,485,3,1,0,7cba6b78c851f95c6dfff7c223a49106151b2e54258de87d6355829bb7d2f4e5,-2.996391773223877,3
abstract_512,881,12709184,512,512,24,24,485,485,0,485,3,0,0,8fb38427cebaad9b0510f93692f927e6997ba945c59628ca76289994d5114357,-6.658626556396484,5
abstract_512,881,6793674,407,407,24,24,380,380,0,380,3,0,0,437423a7dc5f970980f45babbce34e444ea293c6ba5e2deb968c660387eff345,-3.4774036407470703,4
abstract_512,881,33684572,467,467,24,24,440,440,0,440,3,0,0,0859afcbe9551603c08cb960eb5db5aad7b43648eebc78d788d491f34671354e,-1.6257927417755127,2
abstract_512,881,5687200,642,512,24,24,615,485,0,485,3,1,0,5107aeff1d577a9dadd7f613aa8e3fbb357f92e0fb3b66bf67100b25b9078460,-7.966808319091797,8
abstract_512,881,15615957,537,512,24,24,510,485,0,485,3,1,0,2e0b26370177afedc94d5f160bf40a8a72eca9f5b603a33d365551c366f3f4db,-7.293248176574707,6
abstract_512,881,44693226,310,310,24,24,283,283,0,283,3,0,0,f4aa8368e3621c89e1d894aa93641e9e97ca4918f5e2ef1ffe21d6305717e810,-7.943014144897461,7
abstract_512,881,35828148,297,297,24,24,270,270,0,270,3,0,0,f5c106296ce86bc3afb287af64f5bf6a2c253881c87be10cfce6eb19d5ec0867,-8.576581954956055,9
abstract_512,881,23245050,332,332,24,24,305,305,0,305,3,0,0,c6e0d424a5a8983e67ddc1cbf159ac93b80772b520498d7ee485521d52266d6a,-9.877968788146973,10
abstract_512,1125,21009874,525,512,28,28,494,481,0,481,3,1,1,d45eee58c9cd13626f64de07c83608807bb1f263eb3d2e4cc758217e7b580070,4.440798282623291,1
abstract_512,1125,36480032,294,294,28,28,263,263,0,263,3,0,0,d8325cb57b8ed418c97b2fd4cfc3552c6e015fa343f444ad87f0b99f01318175,-5.069377422332764,5
abstract_512,1125,9056874,183,183,28,28,152,152,0,152,3,0,0,eec5e37fdecdd520eec51564a6d10e52d218756b2dcf85bdaefaeee31380dfa1,-3.321246862411499,2
abstract_512,1125,9767444,404,404,28,28,373,373,0,373,3,0,0,5d44460d7b7761b2c9cbf618f45c48fa4a35daa38314243f00c9dbd71b38b636,-6.152926921844482,6
abstract_512,1125,9977329,188,188,28,28,157,157,0,157,3,0,0,ba1456493bf4268c85aa2bef0a9dd59e4946d5b1ce0c92d167ec05e2a273187f,-6.553963661193848,8
abstract_512,1125,13952658,178,178,28,28,147,147,0,147,3,0,0,22323b6008e2c526f7f334184968b19fd75c971d2ebb4d640a9f8646679ccc57,-3.6815624237060547,3
abstract_512,1125,25589047,571,512,28,28,540,481,0,481,3,1,0,cb26c03c800e2e17adf937e266d308d6eec474ec66882e847fdddde3679281bf,-3.8358898162841797,4
abstract_512,1125,38886345,910,512,28,28,879,481,0,481,3,1,0,9f035dd90e8c131006f3531278a15685fdf069e97715686ee84aadfe6b38ce10,-6.8079047203063965,9
abstract_512,1125,2947124,214,214,28,28,183,183,0,183,3,0,0,0e334c7df8a641a6af40445616f5ca3535d54ad068146b6d02266ceda9b2927e,-8.448423385620117,10
abstract_512,1125,7986878,438,438,28,28,407,407,0,407,3,0,0,c7b7541c87505b9dffda17dfca523ca3d13ae718556778cef6491e6ce552d0f3,-6.1861982345581055,7
abstract_512,1309,10906636,434,434,14,14,417,417,0,417,3,0,0,10cb621f24f83c1fae40edede847f89520483d715de513ca8e0f74bd78fd5061,-3.4769399166107178,2
abstract_512,1309,1574014,370,370,14,14,353,353,0,353,3,0,0,c6715cf459ecbf693f623063ae7c07f9659b394a57babcb4a3c5c5dcf0a8428a,-3.1410913467407227,1
abstract_512,1309,14719322,364,364,14,14,347,347,0,347,3,0,0,3106c1aa9cd71c7d2190eca97c0ebe0f720416593f0934e0a8f0683a12fde731,-8.529837608337402,9
abstract_512,1309,35395662,256,256,14,14,239,239,0,239,3,0,0,72b507543e82faecd3b0d2016055142f83cfd87ba0e0dffc7896858f14b5630c,-5.460180282592773,6
abstract_512,1309,26688294,319,319,14,14,302,302,0,302,3,0,0,97a70df02603d65a747dc1622229ac82d56f2b84a17163dceec77105db5fa186,-6.761466979980469,7
abstract_512,1309,12932176,380,380,14,14,363,363,0,363,3,0,0,e076e4462ac4eb9cc3660d2ea409f69986d86e7a6345889e2486060c3e516c77,-7.41166877746582,8
abstract_512,1309,19603353,191,191,14,14,174,174,0,174,3,0,0,872e97207a009f76aedb1eb85b0bee54e46338db0f6d9300f95c0322a425af3a,-10.000904083251953,10
abstract_512,1309,4469125,362,362,14,14,345,345,0,345,3,0,0,50ceb9d77bfdf4632d2833bf4b9d2f6e64650aaed60b7b982c710d0d4086f65c,-5.0040740966796875,4
abstract_512,1309,116792,420,420,14,14,403,403,0,403,3,0,0,2c4725b52d6a1e8d28aad513fa666e65166d5a2b0156c77076850cd4ef7ca24c,-5.418972015380859,5
abstract_512,1309,34016944,496,496,14,14,479,479,0,479,3,0,0,dd84fae0cdd39ae1556ba13541cc631f2c9cd66624f21f9a278fdc0ee55b5b68,-3.5748403072357178,3
abstract_512,201,2462673,296,296,17,17,276,276,0,276,3,0,1,c8243a23a5a1ec6e227cfdbf9f202b3d5c47da2dbeb1e609de32c17eebf3926a,6.936158180236816,1
abstract_512,201,35651106,228,228,17,17,208,208,0,208,3,0,0,95740d660f207eac45e7796930778497869afca4ad9355bac5eefb52ee40f1f0,2.4804348945617676,3
abstract_512,201,13868795,310,310,17,17,290,290,0,290,3,0,0,958ff00a8a5a844c9cc780c084389905deab62a971cd2f83333bef7f0e17fc96,2.0381405353546143,4
abstract_512,201,28006126,279,279,17,17,259,259,0,259,3,0,0,160e448ae724e64889eba67a1db2e76e8e2db7249f2c825dadcc8306a0424485,3.310708522796631,2
abstract_512,201,8038329,430,430,17,17,410,410,0,410,3,0,0,13a43918547cbb9bedb42b0bf3caffacd8a94a323f9f9e11232ccf6aa4e4b10a,-0.6806963682174683,9
abstract_512,201,7343711,212,212,17,17,192,192,0,192,3,0,0,20910662abed7fe96129728c9c3b51bb6b260035239f98426fc54866786b0938,0.9889620542526245,5
abstract_512,201,18231807,241,241,17,17,221,221,0,221,3,0,0,5465aa890821423cde21fc2bd7ffd5c2f1256b2e98417a7c0e2b230b7e6b12b9,-1.466741919517517,10
abstract_512,201,29015485,400,400,17,17,380,380,0,380,3,0,0,ba68eed8540821ee8ce84c9ad2e9131b3d3087992416654ef4dff623c2e3c4ed,-0.13484129309654236,8
abstract_512,201,22997657,294,294,17,17,274,274,0,274,3,0,0,ea390cfb7b5ea68be1fd6cc4545dd9ab102c533f637ce8e5f2c6c6a64e4e670d,0.3403748869895935,7
abstract_512,201,12100963,221,221,17,17,201,201,0,201,3,0,0,488307fb7ecbf1202fd4537ebcd1e3eaf620dd3a4025b6c0f0989d960b5abb6d,0.5667060017585754,6
abstract_512,1193,14865329,264,264,23,23,238,238,0,238,3,0,0,4864c9c76b1ad92ac69750edfdae7af514a53c1b5347c4a306053c02a371f624,-1.1743162870407104,4
abstract_512,1193,20532591,191,191,23,23,165,165,0,165,3,0,1,c3981ec00acbe14cedf58d372a31a8f03c2354babb7faf3cf5e0f3b3eb54ee51,-0.5172165632247925,2
abstract_512,1193,17973161,380,380,23,23,354,354,0,354,3,0,0,09d8c67c3d9971a3e839c7ab205fc697dd4128120f21410a48db1407a7f36a37,-0.9091112613677979,3
abstract_512,1193,19205437,327,327,23,23,301,301,0,301,3,0,0,e1242d8c289ac83ba45802a31d81e9d9b14b2c5bfc12458a08c41f301ec35043,0.05232156440615654,1
abstract_512,1193,29381091,272,272,23,23,246,246,0,246,3,0,0,6b1c57b5c7c59fa52beeb022af8507f69dcfbeef0dc1801da23c3138b7389a23,-3.4417176246643066,6
abstract_512,1193,79447,408,408,23,23,382,382,0,382,3,0,0,108340556977659cd481f785be8289087b6964c5a0b9b6f4270b23c3926ecfcb,-3.1916708946228027,5
abstract_512,1193,27686445,391,391,23,23,365,365,0,365,3,0,0,1af63fe60b774b1922c243c443e7c5b13b9ce2cf246209eb9e6ec72e08113d64,-6.970537185668945,10
abstract_512,1193,26902591,251,251,23,23,225,225,0,225,3,0,0,de8a794214a099656f04375eb88895603672ec4e8518b66e02b88d1ffbc296f1,-6.154886245727539,8
abstract_512,1193,38023457,224,224,23,23,198,198,0,198,3,0,0,2a7e7ec008a2d01dad44d5d34aaa939ab6db4011c7c7d4e5b1dd5e9f06b39ae4,-4.701290130615234,7
abstract_512,1193,52865789,368,368,23,23,342,342,0,342,3,0,0,58b8c13f5b738f435f923d11ba5620dc220fb7eed5f40c866cfcd940133e6ef9,-6.3878583908081055,9
